id,id.1,code_id_1,code_id_2,label
1467,1467,4439,4440,0
562,562,1581,1582,1
1538,1538,4634,4635,0
258,258,790,791,1
1425,1425,4332,4333,0
728,728,2034,2035,1
1209,1209,3429,3430,1
127,127,476,477,1
261,261,809,810,1
1503,1503,4553,4554,0
1456,1456,4410,4411,0
517,517,1480,1481,1
118,118,442,443,1
1386,1386,4232,4233,0
799,799,2302,2303,1
1165,1165,3190,3191,1
1558,1558,4679,4680,0
1491,1491,4497,4498,0
1541,1541,4644,4645,0
20,20,137,138,1
1477,1477,4460,4461,0
1442,1442,4375,4376,0
1500,1500,4544,4545,0
1310,1310,3939,3940,1
1579,1579,4736,4737,0
1208,1208,3427,3428,1
372,372,1097,1098,1
1140,1140,3125,3126,1
809,809,2322,2323,1
109,109,412,413,1
1503,1503,4553,4554,0
1535,1535,4627,4628,0
1502,1502,4548,4549,0
1482,1482,4470,4471,0
606,606,1700,1701,1
8,8,78,79,1
1328,1328,3979,3980,1
732,732,2042,2043,1
1585,1585,4881,4882,0
1400,1400,4261,4262,0
1442,1442,4375,4376,0
667,667,1865,1866,1
1491,1491,4497,4498,0
1275,1275,3771,3772,1
415,415,1206,1207,1
1569,1569,4710,4711,0
1425,1425,4332,4333,0
166,166,559,560,1
1573,1573,4718,4719,0
1535,1535,4627,4628,0
1491,1491,4497,4498,0
213,213,659,660,1
1360,1360,4138,4139,1
714,714,1995,1996,1
1414,1414,4306,4307,0
1403,1403,4268,4269,0
605,605,1690,1691,1
1521,1521,4592,4593,0
1233,1233,3504,3505,1
777,777,2258,2259,1
426,426,1232,1233,1
1266,1266,3749,3750,1
296,296,895,896,1
1424,1424,4330,4331,0
909,909,2573,2574,1
709,709,1985,1986,1
19,19,135,136,1
552,552,1550,1551,1
287,287,865,866,1
999,999,2785,2786,1
771,771,2239,2240,1
25,25,152,153,1
601,601,1680,1681,1
122,122,463,464,1
866,866,2452,2453,1
1492,1492,4499,4500,0
1222,1222,3475,3476,1
1589,1589,4908,4909,0
1555,1555,4673,4674,0
1495,1495,4529,4530,0
241,241,746,747,1
1408,1408,4280,4281,0
220,220,679,680,1
1509,1509,4565,4566,0
202,202,631,632,1
1583,1583,4875,4876,0
1130,1130,3097,3098,1
1379,1379,4207,4208,1
918,918,2591,2592,1
1535,1535,4627,4628,0
1489,1489,4492,4493,0
402,402,1178,1179,1
385,385,1131,1132,1
152,152,528,529,1
1406,1406,4275,4276,0
1359,1359,4136,4137,1
1348,1348,4111,4112,1
1425,1425,4332,4333,0
1497,1497,4535,4536,0
1425,1425,4332,4333,0
1557,1557,4677,4678,0
1541,1541,4644,4645,0
1399,1399,4258,4259,0
1036,1036,2867,2868,1
289,289,869,870,1
1405,1405,4273,4274,0
1588,1588,4902,4903,0
948,948,2651,2652,1
706,706,1979,1980,1
1478,1478,4462,4463,0
634,634,1776,1777,1
727,727,2032,2033,1
1548,1548,4659,4660,0
867,867,2454,2455,1
1570,1570,4712,4713,0
262,262,811,812,1
131,131,484,485,1
1485,1485,4477,4478,0
42,42,190,191,1
1393,1393,4246,4247,0
1411,1411,4291,4292,0
1568,1568,4708,4709,0
1581,1581,4796,4797,0
1413,1413,4304,4305,0
1260,1260,3737,3738,1
1444,1444,4379,4380,0
1429,1429,4349,4350,0
876,876,2476,2477,1
1446,1446,4383,4384,0
835,835,2374,2375,1
1557,1557,4677,4678,0
1557,1557,4677,4678,0
1584,1584,4877,4878,0
365,365,1083,1084,1
1478,1478,4462,4463,0
1397,1397,4254,4255,0
1429,1429,4349,4350,0
1397,1397,4254,4255,0
330,330,999,1000,1
1096,1096,3005,3006,1
1576,1576,4724,4725,0
1467,1467,4439,4440,0
1433,1433,4357,4358,0
125,125,472,473,1
90,90,359,360,1
388,388,1137,1138,1
1316,1316,3951,3952,1
687,687,1914,1915,1
648,648,1818,1819,1
1482,1482,4470,4471,0
664,664,1859,1860,1
133,133,488,489,1
1448,1448,4387,4388,0
1390,1390,4240,4241,0
1085,1085,2980,2981,1
214,214,664,665,1
235,235,728,729,1
1523,1523,4596,4597,0
1220,1220,3471,3472,1
1576,1576,4724,4725,0
1432,1432,4355,4356,0
629,629,1766,1767,1
570,570,1609,1610,1
1268,1268,3753,3754,1
355,355,1055,1056,1
40,40,185,186,1
1492,1492,4499,4500,0
1481,1481,4468,4469,0
852,852,2424,2425,1
1471,1471,4447,4448,0
769,769,2218,2219,1
618,618,1732,1733,1
1148,1148,3151,3152,1
1521,1521,4592,4593,0
1453,1453,4404,4405,0
1436,1436,4363,4364,0
1414,1414,4306,4307,0
1453,1453,4404,4405,0
1448,1448,4387,4388,0
1544,1544,4650,4651,0
1516,1516,4581,4582,0
1515,1515,4579,4580,0
602,602,1682,1683,1
37,37,178,179,1
659,659,1849,1850,1
1585,1585,4881,4882,0
1271,1271,3762,3763,1
820,820,2344,2345,1
1547,1547,4656,4657,0
17,17,131,132,1
712,712,1991,1992,1
1400,1400,4261,4262,0
1423,1423,4326,4327,0
503,503,1452,1453,1
1054,1054,2908,2909,1
526,526,1498,1499,1
12,12,112,113,1
1485,1485,4477,4478,0
1284,1284,3814,3815,1
1557,1557,4677,4678,0
1539,1539,4636,4637,0
673,673,1878,1879,1
1548,1548,4659,4660,0
1303,1303,3922,3923,1
254,254,781,782,1
1414,1414,4306,4307,0
1087,1087,2984,2985,1
6,6,36,37,1
1571,1571,4714,4715,0
1388,1388,4236,4237,0
663,663,1857,1858,1
1537,1537,4632,4633,0
85,85,347,348,1
1481,1481,4468,4469,0
817,817,2338,2339,1
1031,1031,2857,2858,1
484,484,1384,1385,1
863,863,2446,2447,1
1051,1051,2902,2903,1
1481,1481,4468,4469,0
299,299,907,908,1
1503,1503,4553,4554,0
1407,1407,4277,4278,0
1538,1538,4634,4635,0
1492,1492,4499,4500,0
1513,1513,4575,4576,0
1461,1461,4426,4427,0
1493,1493,4509,4510,0
460,460,1336,1337,1
1589,1589,4908,4909,0
1501,1501,4546,4547,0
1503,1503,4553,4554,0
1421,1421,4322,4323,0
1386,1386,4232,4233,0
1422,1422,4324,4325,0
942,942,2639,2640,1
881,881,2511,2512,1
185,185,597,598,1
1418,1418,4316,4317,0
1383,1383,4224,4225,0
1497,1497,4535,4536,0
1514,1514,4577,4578,0
1467,1467,4439,4440,0
1356,1356,4128,4129,1
790,790,2284,2285,1
1589,1589,4908,4909,0
1495,1495,4529,4530,0
1513,1513,4575,4576,0
1556,1556,4675,4676,0
838,838,2381,2382,1
1128,1128,3084,3085,1
1568,1568,4708,4709,0
1594,1594,4919,4920,0
1407,1407,4277,4278,0
1508,1508,4563,4564,0
1583,1583,4875,4876,0
1423,1423,4326,4327,0
1044,1044,2883,2884,1
448,448,1312,1313,1
164,164,554,555,1
1402,1402,4265,4266,0
1424,1424,4330,4331,0
1433,1433,4357,4358,0
1032,1032,2859,2860,1
1563,1563,4689,4690,0
0,0,2,3,1
1563,1563,4689,4690,0
578,578,1630,1631,1
61,61,286,287,1
1493,1493,4509,4510,0
1413,1413,4304,4305,0
284,284,859,860,1
1591,1591,4912,4913,0
646,646,1810,1811,1
1495,1495,4529,4530,0
1481,1481,4468,4469,0
1187,1187,3257,3258,1
1469,1469,4443,4444,0
1591,1591,4912,4913,0
584,584,1642,1643,1
1469,1469,4443,4444,0
1492,1492,4499,4500,0
943,943,2641,2642,1
1495,1495,4529,4530,0
4,4,18,19,1
1453,1453,4404,4405,0
1245,1245,3681,3682,1
680,680,1893,1894,1
1308,1308,3933,3934,1
613,613,1722,1723,1
1590,1590,4910,4911,0
1315,1315,3949,3950,1
1270,1270,3757,3758,1
1123,1123,3074,3075,1
1525,1525,4601,4602,0
698,698,1963,1964,1
251,251,773,774,1
1589,1589,4908,4909,0
1569,1569,4710,4711,0
1569,1569,4710,4711,0
1549,1549,4661,4662,0
1536,1536,4630,4631,0
467,467,1350,1351,1
1569,1569,4710,4711,0
1424,1424,4330,4331,0
1280,1280,3806,3807,1
1390,1390,4240,4241,0
1485,1485,4477,4478,0
1424,1424,4330,4331,0
1250,1250,3715,3716,1
1392,1392,4244,4245,0
1383,1383,4224,4225,0
981,981,2721,2722,1
527,527,1500,1501,1
733,733,2044,2045,1
1396,1396,4252,4253,0
1173,1173,3215,3216,1
952,952,2659,2660,1
1210,1210,3431,3432,1
1179,1179,3231,3232,1
1122,1122,3072,3073,1
1576,1576,4724,4725,0
1388,1388,4236,4237,0
81,81,339,340,1
556,556,1558,1559,1
1454,1454,4406,4407,0
1400,1400,4261,4262,0
1071,1071,2952,2953,1
814,814,2332,2333,1
1495,1495,4529,4530,0
1575,1575,4722,4723,0
1094,1094,3001,3002,1
910,910,2575,2576,1
1383,1383,4224,4225,0
1066,1066,2939,2940,1
121,121,457,458,1
1431,1431,4353,4354,0
1433,1433,4357,4358,0
306,306,926,927,1
1423,1423,4326,4327,0
1535,1535,4627,4628,0
58,58,280,281,1
1585,1585,4881,4882,0
1446,1446,4383,4384,0
694,694,1948,1949,1
1467,1467,4439,4440,0
1421,1421,4322,4323,0
1490,1490,4494,4495,0
11,11,110,111,1
1448,1448,4387,4388,0
348,348,1041,1042,1
548,548,1542,1543,1
344,344,1029,1030,1
132,132,486,487,1
1556,1556,4675,4676,0
1393,1393,4246,4247,0
1258,1258,3733,3734,1
1463,1463,4430,4431,0
1530,1530,4617,4618,0
1503,1503,4553,4554,0
1566,1566,4695,4696,0
1592,1592,4915,4916,0
1127,1127,3082,3083,1
1593,1593,4917,4918,0
170,170,567,568,1
902,902,2559,2560,1
1444,1444,4379,4380,0
1573,1573,4718,4719,0
1386,1386,4232,4233,0
1069,1069,2948,2949,1
1581,1581,4796,4797,0
278,278,847,848,1
1007,1007,2805,2806,1
604,604,1688,1689,1
1538,1538,4634,4635,0
243,243,750,751,1
351,351,1047,1048,1
1454,1454,4406,4407,0
1298,1298,3860,3861,1
1341,1341,4044,4045,1
72,72,314,315,1
1537,1537,4632,4633,0
528,528,1502,1503,1
1463,1463,4430,4431,0
1439,1439,4369,4370,0
1540,1540,4642,4643,0
106,106,405,406,1
470,470,1356,1357,1
1274,1274,3769,3770,1
666,666,1863,1864,1
130,130,482,483,1
789,789,2282,2283,1
1511,1511,4569,4570,0
1526,1526,4604,4605,0
1501,1501,4546,4547,0
1171,1171,3210,3211,1
255,255,783,784,1
1496,1496,4533,4534,0
1515,1515,4579,4580,0
450,450,1316,1317,1
1351,1351,4117,4118,1
1579,1579,4736,4737,0
1549,1549,4661,4662,0
1323,1323,3969,3970,1
1424,1424,4330,4331,0
1431,1431,4353,4354,0
1439,1439,4369,4370,0
1471,1471,4447,4448,0
472,472,1360,1361,1
440,440,1296,1297,1
1403,1403,4268,4269,0
1429,1429,4349,4350,0
405,405,1184,1185,1
1251,1251,3719,3720,1
301,301,911,912,1
1584,1584,4877,4878,0
1468,1468,4441,4442,0
580,580,1634,1635,1
1536,1536,4630,4631,0
1444,1444,4379,4380,0
1400,1400,4261,4262,0
1474,1474,4453,4454,0
911,911,2577,2578,1
190,190,607,608,1
1413,1413,4304,4305,0
436,436,1288,1289,1
1399,1399,4258,4259,0
1568,1568,4708,4709,0
1566,1566,4695,4696,0
1262,1262,3741,3742,1
1345,1345,4105,4106,1
1408,1408,4280,4281,0
631,631,1770,1771,1
1547,1547,4656,4657,0
761,761,2179,2180,1
1485,1485,4477,4478,0
310,310,935,936,1
1361,1361,4142,4143,1
696,696,1959,1960,1
303,303,919,920,1
1334,1334,3999,4000,1
1521,1521,4592,4593,0
1510,1510,4567,4568,0
431,431,1248,1249,1
1155,1155,3167,3168,1
1574,1574,4720,4721,0
1592,1592,4915,4916,0
182,182,591,592,1
1478,1478,4462,4463,0
1568,1568,4708,4709,0
1524,1524,4598,4599,0
1,1,6,7,1
221,221,681,682,1
400,400,1171,1172,1
1115,1115,3057,3058,1
1593,1593,4917,4918,0
1585,1585,4881,4882,0
1573,1573,4718,4719,0
585,585,1645,1646,1
1583,1583,4875,4876,0
1374,1374,4190,4191,1
1402,1402,4265,4266,0
1035,1035,2865,2866,1
544,544,1534,1535,1
1534,1534,4625,4626,0
1453,1453,4404,4405,0
293,293,889,890,1
184,184,595,596,1
1407,1407,4277,4278,0
1414,1414,4306,4307,0
1287,1287,3820,3821,1
1467,1467,4439,4440,0
312,312,941,942,1
475,475,1366,1367,1
77,77,326,327,1
670,670,1872,1873,1
989,989,2745,2746,1
207,207,646,647,1
1583,1583,4875,4876,0
471,471,1358,1359,1
368,368,1089,1090,1
1464,1464,4432,4433,0
483,483,1382,1383,1
60,60,284,285,1
1005,1005,2801,2802,1
94,94,370,371,1
1537,1537,4632,4633,0
263,263,813,814,1
551,551,1548,1549,1
1354,1354,4123,4124,1
853,853,2426,2427,1
1456,1456,4410,4411,0
381,381,1123,1124,1
1467,1467,4439,4440,0
32,32,167,168,1
832,832,2368,2369,1
1495,1495,4529,4530,0
315,315,953,954,1
1118,1118,3064,3065,1
1505,1505,4557,4558,0
1526,1526,4604,4605,0
1514,1514,4577,4578,0
1393,1393,4246,4247,0
699,699,1965,1966,1
615,615,1726,1727,1
1467,1467,4439,4440,0
1256,1256,3729,3730,1
139,139,501,502,1
1581,1581,4796,4797,0
1472,1472,4449,4450,0
1493,1493,4509,4510,0
1285,1285,3816,3817,1
827,827,2358,2359,1
1474,1474,4453,4454,0
1496,1496,4533,4534,0
736,736,2050,2051,1
1441,1441,4373,4374,0
1016,1016,2825,2826,1
1133,1133,3103,3104,1
1388,1388,4236,4237,0
870,870,2462,2463,1
1490,1490,4494,4495,0
1408,1408,4280,4281,0
558,558,1568,1569,1
1548,1548,4659,4660,0
1149,1149,3153,3154,1
1464,1464,4432,4433,0
256,256,785,786,1
1215,1215,3460,3461,1
1570,1570,4712,4713,0
1568,1568,4708,4709,0
878,878,2480,2481,1
291,291,885,886,1
1111,1111,3048,3049,1
1521,1521,4592,4593,0
1403,1403,4268,4269,0
1407,1407,4277,4278,0
1207,1207,3425,3426,1
322,322,983,984,1
1039,1039,2873,2874,1
1468,1468,4441,4442,0
1503,1503,4553,4554,0
1485,1485,4477,4478,0
1505,1505,4557,4558,0
1571,1571,4714,4715,0
1135,1135,3107,3108,1
1568,1568,4708,4709,0
465,465,1346,1347,1
29,29,160,161,1
1502,1502,4548,4549,0
1508,1508,4563,4564,0
1425,1425,4332,4333,0
620,620,1736,1737,1
1504,1504,4555,4556,0
1539,1539,4636,4637,0
1566,1566,4695,4696,0
1418,1418,4316,4317,0
1581,1581,4796,4797,0
843,843,2401,2402,1
542,542,1530,1531,1
1496,1496,4533,4534,0
1436,1436,4363,4364,0
145,145,514,515,1
1579,1579,4736,4737,0
227,227,705,706,1
661,661,1853,1854,1
1419,1419,4318,4319,0
1477,1477,4460,4461,0
522,522,1490,1491,1
1536,1536,4630,4631,0
1594,1594,4919,4920,0
1463,1463,4430,4431,0
1534,1534,4625,4626,0
1255,1255,3727,3728,1
1301,1301,3886,3887,1
1491,1491,4497,4498,0
1386,1386,4232,4233,0
1153,1153,3163,3164,1
1450,1450,4396,4397,0
627,627,1762,1763,1
1436,1436,4363,4364,0
331,331,1001,1002,1
1451,1451,4398,4399,0
240,240,744,745,1
1592,1592,4915,4916,0
930,930,2615,2616,1
294,294,891,892,1
1393,1393,4246,4247,0
1477,1477,4460,4461,0
1490,1490,4494,4495,0
508,508,1462,1463,1
1134,1134,3105,3106,1
1352,1352,4119,4120,1
1544,1544,4650,4651,0
1196,1196,3401,3402,1
514,514,1474,1475,1
1530,1530,4617,4618,0
283,283,857,858,1
1353,1353,4121,4122,1
1041,1041,2877,2878,1
69,69,308,309,1
1572,1572,4716,4717,0
393,393,1151,1152,1
161,161,546,547,1
1523,1523,4596,4597,0
1501,1501,4546,4547,0
1453,1453,4404,4405,0
1494,1494,4511,4512,0
1402,1402,4265,4266,0
758,758,2141,2142,1
200,200,627,628,1
1569,1569,4710,4711,0
926,926,2607,2608,1
773,773,2243,2244,1
1516,1516,4581,4582,0
1439,1439,4369,4370,0
647,647,1815,1816,1
1537,1537,4632,4633,0
420,420,1219,1220,1
524,524,1494,1495,1
1447,1447,4385,4386,0
1530,1530,4617,4618,0
966,966,2687,2688,1
1493,1493,4509,4510,0
1199,1199,3407,3408,1
1548,1548,4659,4660,0
1456,1456,4410,4411,0
163,163,550,551,1
787,787,2278,2279,1
1541,1541,4644,4645,0
775,775,2247,2248,1
1508,1508,4563,4564,0
1420,1420,4320,4321,0
418,418,1215,1216,1
1159,1159,3178,3179,1
1558,1558,4679,4680,0
1400,1400,4261,4262,0
885,885,2519,2520,1
1452,1452,4400,4401,0
1300,1300,3884,3885,1
1424,1424,4330,4331,0
1497,1497,4535,4536,0
798,798,2300,2301,1
361,361,1067,1068,1
1558,1558,4679,4680,0
1548,1548,4659,4660,0
1593,1593,4917,4918,0
1408,1408,4280,4281,0
1056,1056,2912,2913,1
759,759,2143,2144,1
1461,1461,4426,4427,0
80,80,336,337,1
1509,1509,4565,4566,0
815,815,2334,2335,1
1003,1003,2795,2796,1
59,59,282,283,1
1511,1511,4569,4570,0
1419,1419,4318,4319,0
1510,1510,4567,4568,0
685,685,1909,1910,1
64,64,292,293,1
516,516,1478,1479,1
1492,1492,4499,4500,0
387,387,1135,1136,1
1183,1183,3239,3240,1
726,726,2030,2031,1
114,114,434,435,1
754,754,2100,2101,1
1494,1494,4511,4512,0
1476,1476,4458,4459,0
1591,1591,4912,4913,0
718,718,2003,2004,1
92,92,363,364,1
1538,1538,4634,4635,0
1492,1492,4499,4500,0
151,151,526,527,1
1445,1445,4381,4382,0
242,242,748,749,1
1502,1502,4548,4549,0
1497,1497,4535,4536,0
1468,1468,4441,4442,0
1422,1422,4324,4325,0
1419,1419,4318,4319,0
1390,1390,4240,4241,0
496,496,1434,1435,1
1137,1137,3111,3112,1
1524,1524,4598,4599,0
1471,1471,4447,4448,0
1482,1482,4470,4471,0
1060,1060,2920,2921,1
1538,1538,4634,4635,0
1590,1590,4910,4911,0
1549,1549,4661,4662,0
502,502,1450,1451,1
1496,1496,4533,4534,0
720,720,2012,2013,1
1521,1521,4592,4593,0
1455,1455,4408,4409,0
1566,1566,4695,4696,0
1515,1515,4579,4580,0
941,941,2637,2638,1
1566,1566,4695,4696,0
864,864,2448,2449,1
399,399,1169,1170,1
1557,1557,4677,4678,0
1340,1340,4042,4043,1
1555,1555,4673,4674,0
1501,1501,4546,4547,0
1186,1186,3251,3252,1
1501,1501,4546,4547,0
922,922,2599,2600,1
397,397,1165,1166,1
1403,1403,4268,4269,0
304,304,921,922,1
840,840,2395,2396,1
1028,1028,2851,2852,1
1511,1511,4569,4570,0
1403,1403,4268,4269,0
1386,1386,4232,4233,0
84,84,345,346,1
711,711,1989,1990,1
1482,1482,4470,4471,0
557,557,1560,1561,1
581,581,1636,1637,1
1539,1539,4636,4637,0
1445,1445,4381,4382,0
1281,1281,3808,3809,1
96,96,374,375,1
1431,1431,4353,4354,0
1344,1344,4068,4069,1
1237,1237,3515,3516,1
1593,1593,4917,4918,0
1589,1589,4908,4909,0
1509,1509,4565,4566,0
1225,1225,3481,3482,1
920,920,2595,2596,1
1424,1424,4330,4331,0
1432,1432,4355,4356,0
1497,1497,4535,4536,0
55,55,229,230,1
1254,1254,3725,3726,1
1509,1509,4565,4566,0
1510,1510,4567,4568,0
412,412,1200,1201,1
1192,1192,3392,3393,1
1536,1536,4630,4631,0
404,404,1182,1183,1
1566,1566,4695,4696,0
669,669,1870,1871,1
1593,1593,4917,4918,0
1557,1557,4677,4678,0
1515,1515,4579,4580,0
1425,1425,4332,4333,0
1468,1468,4441,4442,0
443,443,1302,1303,1
449,449,1314,1315,1
762,762,2202,2203,1
1481,1481,4468,4469,0
1540,1540,4642,4643,0
729,729,2036,2037,1
128,128,478,479,1
1547,1547,4656,4657,0
903,903,2561,2562,1
1320,1320,3963,3964,1
117,117,440,441,1
783,783,2270,2271,1
1556,1556,4675,4676,0
1504,1504,4555,4556,0
1048,1048,2894,2895,1
1500,1500,4544,4545,0
136,136,495,496,1
1514,1514,4577,4578,0
649,649,1822,1823,1
1431,1431,4353,4354,0
856,856,2432,2433,1
1572,1572,4716,4717,0
83,83,343,344,1
149,149,522,523,1
595,595,1666,1667,1
1569,1569,4710,4711,0
1420,1420,4320,4321,0
1512,1512,4571,4572,0
146,146,516,517,1
803,803,2310,2311,1
808,808,2320,2321,1
1413,1413,4304,4305,0
1496,1496,4533,4534,0
1491,1491,4497,4498,0
781,781,2266,2267,1
1398,1398,4256,4257,0
985,985,2729,2730,1
461,461,1338,1339,1
1393,1393,4246,4247,0
1539,1539,4636,4637,0
624,624,1753,1754,1
717,717,2001,2002,1
1464,1464,4432,4433,0
1456,1456,4410,4411,0
1126,1126,3080,3081,1
386,386,1133,1134,1
1436,1436,4363,4364,0
978,978,2715,2716,1
264,264,815,816,1
1390,1390,4240,4241,0
1501,1501,4546,4547,0
994,994,2755,2756,1
1538,1538,4634,4635,0
1418,1418,4316,4317,0
566,566,1589,1590,1
591,591,1658,1659,1
1469,1469,4443,4444,0
232,232,718,719,1
340,340,1019,1020,1
1114,1114,3055,3056,1
1496,1496,4533,4534,0
1566,1566,4695,4696,0
1276,1276,3794,3795,1
1501,1501,4546,4547,0
276,276,843,844,1
812,812,2328,2329,1
181,181,589,590,1
1540,1540,4642,4643,0
497,497,1439,1440,1
1406,1406,4275,4276,0
1509,1509,4565,4566,0
1467,1467,4439,4440,0
1530,1530,4617,4618,0
1575,1575,4722,4723,0
1459,1459,4422,4423,0
196,196,619,620,1
1450,1450,4396,4397,0
1000,1000,2787,2788,1
1402,1402,4265,4266,0
1420,1420,4320,4321,0
1588,1588,4902,4903,0
650,650,1824,1825,1
611,611,1718,1719,1
668,668,1867,1868,1
169,169,565,566,1
1455,1455,4408,4409,0
913,913,2581,2582,1
612,612,1720,1721,1
1576,1576,4724,4725,0
252,252,777,778,1
1572,1572,4716,4717,0
394,394,1153,1154,1
1406,1406,4275,4276,0
1571,1571,4714,4715,0
1448,1448,4387,4388,0
554,554,1554,1555,1
212,212,657,658,1
1425,1425,4332,4333,0
1539,1539,4636,4637,0
1573,1573,4718,4719,0
1425,1425,4332,4333,0
1593,1593,4917,4918,0
1075,1075,2960,2961,1
1247,1247,3709,3710,1
1439,1439,4369,4370,0
1579,1579,4736,4737,0
28,28,158,159,1
1365,1365,4150,4151,1
1314,1314,3947,3948,1
1052,1052,2904,2905,1
1482,1482,4470,4471,0
1397,1397,4254,4255,0
828,828,2360,2361,1
398,398,1167,1168,1
748,748,2088,2089,1
563,563,1583,1584,1
1242,1242,3528,3529,1
1162,1162,3184,3185,1
1571,1571,4714,4715,0
1040,1040,2875,2876,1
1492,1492,4499,4500,0
1501,1501,4546,4547,0
1420,1420,4320,4321,0
1576,1576,4724,4725,0
1429,1429,4349,4350,0
1399,1399,4258,4259,0
1437,1437,4365,4366,0
1289,1289,3824,3825,1
1568,1568,4708,4709,0
476,476,1368,1369,1
1568,1568,4708,4709,0
1566,1566,4695,4696,0
1510,1510,4567,4568,0
1433,1433,4357,4358,0
1591,1591,4912,4913,0
1496,1496,4533,4534,0
1043,1043,2881,2882,1
1537,1537,4632,4633,0
637,637,1782,1783,1
1497,1497,4535,4536,0
354,354,1053,1054,1
671,671,1874,1875,1
129,129,480,481,1
1180,1180,3233,3234,1
137,137,497,498,1
430,430,1240,1241,1
1386,1386,4232,4233,0
536,536,1518,1519,1
546,546,1538,1539,1
567,567,1591,1592,1
269,269,825,826,1
1493,1493,4509,4510,0
1489,1489,4492,4493,0
1496,1496,4533,4534,0
1570,1570,4712,4713,0
486,486,1388,1389,1
298,298,901,902,1
1569,1569,4710,4711,0
492,492,1400,1401,1
587,587,1650,1651,1
1311,1311,3941,3942,1
1425,1425,4332,4333,0
1548,1548,4659,4660,0
936,936,2627,2628,1
929,929,2613,2614,1
1469,1469,4443,4444,0
1548,1548,4659,4660,0
700,700,1967,1968,1
1277,1277,3796,3797,1
1108,1108,3040,3041,1
1414,1414,4306,4307,0
1464,1464,4432,4433,0
1231,1231,3497,3498,1
1317,1317,3953,3954,1
1447,1447,4385,4386,0
49,49,210,211,1
1403,1403,4268,4269,0
1431,1431,4353,4354,0
53,53,219,220,1
1491,1491,4497,4498,0
1469,1469,4443,4444,0
1132,1132,3101,3102,1
233,233,721,722,1
1393,1393,4246,4247,0
1514,1514,4577,4578,0
1433,1433,4357,4358,0
1583,1583,4875,4876,0
153,153,530,531,1
1512,1512,4571,4572,0
224,224,698,699,1
971,971,2697,2698,1
2,2,10,11,1
437,437,1290,1291,1
660,660,1851,1852,1
509,509,1464,1465,1
1523,1523,4596,4597,0
1121,1121,3070,3071,1
1492,1492,4499,4500,0
630,630,1768,1769,1
1442,1442,4375,4376,0
1534,1534,4625,4626,0
645,645,1807,1808,1
338,338,1015,1016,1
172,172,571,572,1
489,489,1394,1395,1
805,805,2314,2315,1
1575,1575,4722,4723,0
888,888,2525,2526,1
336,336,1011,1012,1
859,859,2438,2439,1
574,574,1619,1620,1
1508,1508,4563,4564,0
30,30,162,163,1
965,965,2685,2686,1
651,651,1826,1827,1
491,491,1398,1399,1
421,421,1222,1223,1
730,730,2038,2039,1
1373,1373,4188,4189,1
877,877,2478,2479,1
973,973,2702,2703,1
1512,1512,4571,4572,0
1234,1234,3506,3507,1
1091,1091,2995,2996,1
201,201,629,630,1
1079,1079,2968,2969,1
1515,1515,4579,4580,0
345,345,1035,1036,1
1404,1404,4271,4272,0
786,786,2276,2277,1
1512,1512,4571,4572,0
768,768,2216,2217,1
795,795,2294,2295,1
323,323,985,986,1
1478,1478,4462,4463,0
619,619,1734,1735,1
1591,1591,4912,4913,0
1592,1592,4915,4916,0
1549,1549,4661,4662,0
1478,1478,4462,4463,0
1471,1471,4447,4448,0
1548,1548,4659,4660,0
1585,1585,4881,4882,0
142,142,508,509,1
545,545,1536,1537,1
1408,1408,4280,4281,0
218,218,672,673,1
176,176,579,580,1
609,609,1709,1710,1
1432,1432,4355,4356,0
1504,1504,4555,4556,0
1194,1194,3397,3398,1
1201,1201,3411,3412,1
1429,1429,4349,4350,0
983,983,2725,2726,1
1326,1326,3975,3976,1
1504,1504,4555,4556,0
1441,1441,4373,4374,0
1424,1424,4330,4331,0
531,531,1508,1509,1
1384,1384,4227,4228,0
1464,1464,4432,4433,0
1588,1588,4902,4903,0
317,317,973,974,1
907,907,2569,2570,1
1445,1445,4381,4382,0
1177,1177,3227,3228,1
1544,1544,4650,4651,0
1530,1530,4617,4618,0
797,797,2298,2299,1
1555,1555,4673,4674,0
890,890,2531,2532,1
1570,1570,4712,4713,0
914,914,2583,2584,1
1481,1481,4468,4469,0
401,401,1175,1176,1
1497,1497,4535,4536,0
1170,1170,3208,3209,1
349,349,1043,1044,1
1591,1591,4912,4913,0
1451,1451,4398,4399,0
882,882,2513,2514,1
1472,1472,4449,4450,0
1437,1437,4365,4366,0
97,97,376,377,1
1451,1451,4398,4399,0
1093,1093,2999,3000,1
1535,1535,4627,4628,0
1202,1202,3415,3416,1
429,429,1238,1239,1
1468,1468,4441,4442,0
1593,1593,4917,4918,0
1141,1141,3127,3128,1
442,442,1300,1301,1
1594,1594,4919,4920,0
1451,1451,4398,4399,0
334,334,1007,1008,1
1248,1248,3711,3712,1
120,120,446,447,1
1471,1471,4447,4448,0
1084,1084,2978,2979,1
246,246,756,757,1
209,209,650,651,1
935,935,2625,2626,1
772,772,2241,2242,1
1467,1467,4439,4440,0
1214,1214,3449,3450,1
690,690,1937,1938,1
813,813,2330,2331,1
1592,1592,4915,4916,0
1570,1570,4712,4713,0
1464,1464,4432,4433,0
321,321,981,982,1
1424,1424,4330,4331,0
982,982,2723,2724,1
1191,1191,3322,3323,1
14,14,120,121,1
1147,1147,3149,3150,1
1573,1573,4718,4719,0
1540,1540,4642,4643,0
1501,1501,4546,4547,0
1124,1124,3076,3077,1
811,811,2326,2327,1
1403,1403,4268,4269,0
1549,1549,4661,4662,0
194,194,615,616,1
1392,1392,4244,4245,0
515,515,1476,1477,1
305,305,923,924,1
427,427,1234,1235,1
1451,1451,4398,4399,0
1492,1492,4499,4500,0
1089,1089,2991,2992,1
1497,1497,4535,4536,0
1477,1477,4460,4461,0
1496,1496,4533,4534,0
1420,1420,4320,4321,0
1420,1420,4320,4321,0
1442,1442,4375,4376,0
938,938,2631,2632,1
1536,1536,4630,4631,0
944,944,2643,2644,1
1455,1455,4408,4409,0
178,178,583,584,1
1288,1288,3822,3823,1
250,250,771,772,1
1585,1585,4881,4882,0
1047,1047,2891,2892,1
1423,1423,4326,4327,0
1516,1516,4581,4582,0
770,770,2237,2238,1
1439,1439,4369,4370,0
141,141,506,507,1
915,915,2585,2586,1
1505,1505,4557,4558,0
1504,1504,4555,4556,0
1511,1511,4569,4570,0
16,16,128,129,1
1537,1537,4632,4633,0
1407,1407,4277,4278,0
1505,1505,4557,4558,0
333,333,1005,1006,1
1131,1131,3099,3100,1
1526,1526,4604,4605,0
408,408,1190,1191,1
1378,1378,4205,4206,1
1581,1581,4796,4797,0
1541,1541,4644,4645,0
550,550,1546,1547,1
1477,1477,4460,4461,0
998,998,2767,2768,1
1530,1530,4617,4618,0
505,505,1456,1457,1
1540,1540,4642,4643,0
101,101,385,386,1
1444,1444,4379,4380,0
1019,1019,2833,2834,1
1556,1556,4675,4676,0
1540,1540,4642,4643,0
280,280,851,852,1
1273,1273,3767,3768,1
1253,1253,3723,3724,1
1526,1526,4604,4605,0
1158,1158,3176,3177,1
1217,1217,3465,3466,1
868,868,2456,2457,1
1425,1425,4332,4333,0
1495,1495,4529,4530,0
704,704,1975,1976,1
1589,1589,4908,4909,0
1504,1504,4555,4556,0
1109,1109,3042,3043,1
1330,1330,3984,3985,1
1151,1151,3157,3158,1
1591,1591,4912,4913,0
905,905,2565,2566,1
1364,1364,4148,4149,1
1384,1384,4227,4228,0
1421,1421,4322,4323,0
1550,1550,4663,4664,0
1278,1278,3798,3799,1
1425,1425,4332,4333,0
1518,1518,4586,4587,0
869,869,2458,2459,1
1558,1558,4679,4680,0
1424,1424,4330,4331,0
34,34,171,172,1
1399,1399,4258,4259,0
1448,1448,4387,4388,0
1514,1514,4577,4578,0
1061,1061,2923,2924,1
1497,1497,4535,4536,0
1390,1390,4240,4241,0
847,847,2409,2410,1
357,357,1059,1060,1
1375,1375,4195,4196,1
249,249,769,770,1
187,187,601,602,1
1037,1037,2869,2870,1
1010,1010,2811,2812,1
1181,1181,3235,3236,1
693,693,1943,1944,1
1418,1418,4316,4317,0
1556,1556,4675,4676,0
1550,1550,4663,4664,0
279,279,849,850,1
923,923,2601,2602,1
439,439,1294,1295,1
1392,1392,4244,4245,0
887,887,2523,2524,1
1496,1496,4533,4534,0
1218,1218,3467,3468,1
424,424,1228,1229,1
13,13,117,118,1
1337,1337,4006,4007,1
366,366,1085,1086,1
1425,1425,4332,4333,0
549,549,1544,1545,1
1534,1534,4625,4626,0
623,623,1751,1752,1
419,419,1217,1218,1
1571,1571,4714,4715,0
1516,1516,4581,4582,0
1038,1038,2871,2872,1
1474,1474,4453,4454,0
1414,1414,4306,4307,0
594,594,1664,1665,1
1307,1307,3931,3932,1
1398,1398,4256,4257,0
324,324,987,988,1
1398,1398,4256,4257,0
140,140,503,504,1
487,487,1390,1391,1
1161,1161,3182,3183,1
1390,1390,4240,4241,0
260,260,802,803,1
1445,1445,4381,4382,0
7,7,76,77,1
1398,1398,4256,4257,0
741,741,2074,2075,1
1439,1439,4369,4370,0
1576,1576,4724,4725,0
1238,1238,3517,3518,1
1592,1592,4915,4916,0
977,977,2713,2714,1
658,658,1847,1848,1
1411,1411,4291,4292,0
1083,1083,2976,2977,1
1439,1439,4369,4370,0
1442,1442,4375,4376,0
134,134,491,492,1
932,932,2619,2620,1
239,239,736,737,1
1566,1566,4695,4696,0
1293,1293,3832,3833,1
1421,1421,4322,4323,0
174,174,575,576,1
1568,1568,4708,4709,0
872,872,2466,2467,1
1367,1367,4154,4155,1
478,478,1372,1373,1
1494,1494,4511,4512,0
1206,1206,3423,3424,1
286,286,863,864,1
1515,1515,4579,4580,0
510,510,1466,1467,1
1572,1572,4716,4717,0
1372,1372,4181,4182,1
975,975,2707,2708,1
48,48,208,209,1
1396,1396,4252,4253,0
1534,1534,4625,4626,0
1272,1272,3764,3765,1
1481,1481,4468,4469,0
1490,1490,4494,4495,0
1006,1006,2803,2804,1
300,300,909,910,1
1464,1464,4432,4433,0
1563,1563,4689,4690,0
1548,1548,4659,4660,0
46,46,199,200,1
1282,1282,3810,3811,1
63,63,290,291,1
1477,1477,4460,4461,0
1589,1589,4908,4909,0
1504,1504,4555,4556,0
529,529,1504,1505,1
1514,1514,4577,4578,0
1150,1150,3155,3156,1
1420,1420,4320,4321,0
1566,1566,4695,4696,0
1547,1547,4656,4657,0
1399,1399,4258,4259,0
1413,1413,4304,4305,0
23,23,147,148,1
1017,1017,2829,2830,1
313,313,948,949,1
1418,1418,4316,4317,0
26,26,154,155,1
1008,1008,2807,2808,1
1455,1455,4408,4409,0
1325,1325,3973,3974,1
1422,1422,4324,4325,0
1496,1496,4533,4534,0
1446,1446,4383,4384,0
1557,1557,4677,4678,0
1534,1534,4625,4626,0
1571,1571,4714,4715,0
1425,1425,4332,4333,0
1500,1500,4544,4545,0
1568,1568,4708,4709,0
1555,1555,4673,4674,0
216,216,668,669,1
912,912,2579,2580,1
1461,1461,4426,4427,0
1423,1423,4326,4327,0
410,410,1196,1197,1
1534,1534,4625,4626,0
1421,1421,4322,4323,0
1512,1512,4571,4572,0
370,370,1093,1094,1
1525,1525,4601,4602,0
1490,1490,4494,4495,0
1190,1190,3263,3264,1
466,466,1348,1349,1
1455,1455,4408,4409,0
1398,1398,4256,4257,0
1450,1450,4396,4397,0
1495,1495,4529,4530,0
1406,1406,4275,4276,0
644,644,1805,1806,1
1227,1227,3485,3486,1
1384,1384,4227,4228,0
1502,1502,4548,4549,0
1493,1493,4509,4510,0
1446,1446,4383,4384,0
1078,1078,2966,2967,1
1530,1530,4617,4618,0
1571,1571,4714,4715,0
369,369,1091,1092,1
277,277,845,846,1
1453,1453,4404,4405,0
1464,1464,4432,4433,0
1431,1431,4353,4354,0
875,875,2474,2475,1
1504,1504,4555,4556,0
362,362,1069,1070,1
1333,1333,3996,3997,1
1368,1368,4156,4157,1
1588,1588,4902,4903,0
1495,1495,4529,4530,0
1467,1467,4439,4440,0
112,112,430,431,1
596,596,1669,1670,1
1537,1537,4632,4633,0
1569,1569,4710,4711,0
957,957,2669,2670,1
1478,1478,4462,4463,0
1444,1444,4379,4380,0
192,192,611,612,1
689,689,1918,1919,1
1232,1232,3502,3503,1
1454,1454,4406,4407,0
1411,1411,4291,4292,0
1421,1421,4322,4323,0
100,100,383,384,1
1523,1523,4596,4597,0
1530,1530,4617,4618,0
1445,1445,4381,4382,0
1585,1585,4881,4882,0
1570,1570,4712,4713,0
188,188,603,604,1
1219,1219,3469,3470,1
374,374,1109,1110,1
457,457,1330,1331,1
1509,1509,4565,4566,0
1476,1476,4458,4459,0
314,314,950,951,1
731,731,2040,2041,1
1103,1103,3027,3028,1
1571,1571,4714,4715,0
1009,1009,2809,2810,1
22,22,145,146,1
753,753,2098,2099,1
1189,1189,3261,3262,1
1497,1497,4535,4536,0
1113,1113,3053,3054,1
1376,1376,4198,4199,1
695,695,1951,1952,1
533,533,1512,1513,1
1404,1404,4271,4272,0
268,268,823,824,1
225,225,701,702,1
1269,1269,3755,3756,1
1463,1463,4430,4431,0
572,572,1615,1616,1
1045,1045,2885,2886,1
1538,1538,4634,4635,0
79,79,330,331,1
1513,1513,4575,4576,0
774,774,2245,2246,1
780,780,2264,2265,1
73,73,316,317,1
1537,1537,4632,4633,0
1453,1453,4404,4405,0
1514,1514,4577,4578,0
1581,1581,4796,4797,0
1413,1413,4304,4305,0
1503,1503,4553,4554,0
725,725,2028,2029,1
335,335,1009,1010,1
636,636,1780,1781,1
1557,1557,4677,4678,0
1411,1411,4291,4292,0
785,785,2274,2275,1
1065,1065,2937,2938,1
1530,1530,4617,4618,0
1541,1541,4644,4645,0
318,318,975,976,1
1468,1468,4441,4442,0
1398,1398,4256,4257,0
144,144,512,513,1
45,45,197,198,1
1241,1241,3526,3527,1
316,316,959,960,1
764,764,2208,2209,1
1593,1593,4917,4918,0
653,653,1834,1835,1
724,724,2023,2024,1
223,223,696,697,1
15,15,122,123,1
743,743,2078,2079,1
1015,1015,2823,2824,1
205,205,637,638,1
1433,1433,4357,4358,0
937,937,2629,2630,1
1592,1592,4915,4916,0
1469,1469,4443,4444,0
511,511,1468,1469,1
1591,1591,4912,4913,0
1474,1474,4453,4454,0
1421,1421,4322,4323,0
1549,1549,4661,4662,0
1579,1579,4736,4737,0
1422,1422,4324,4325,0
1594,1594,4919,4920,0
1557,1557,4677,4678,0
1467,1467,4439,4440,0
1336,1336,4004,4005,1
564,564,1585,1586,1
1523,1523,4596,4597,0
1540,1540,4642,4643,0
229,229,709,710,1
1592,1592,4915,4916,0
1471,1471,4447,4448,0
1474,1474,4453,4454,0
498,498,1441,1442,1
1453,1453,4404,4405,0
592,592,1660,1661,1
1579,1579,4736,4737,0
1526,1526,4604,4605,0
834,834,2372,2373,1
1432,1432,4355,4356,0
468,468,1352,1353,1
1461,1461,4426,4427,0
860,860,2440,2441,1
1523,1523,4596,4597,0
1500,1500,4544,4545,0
1249,1249,3713,3714,1
490,490,1396,1397,1
1433,1433,4357,4358,0
895,895,2545,2546,1
343,343,1026,1027,1
1538,1538,4634,4635,0
1018,1018,2831,2832,1
513,513,1472,1473,1
1429,1429,4349,4350,0
638,638,1784,1785,1
722,722,2016,2017,1
1166,1166,3193,3194,1
1119,1119,3066,3067,1
1471,1471,4447,4448,0
1446,1446,4383,4384,0
831,831,2366,2367,1
569,569,1597,1598,1
1510,1510,4567,4568,0
1540,1540,4642,4643,0
862,862,2444,2445,1
3,3,12,13,1
1455,1455,4408,4409,0
1105,1105,3031,3032,1
1350,1350,4115,4116,1
1472,1472,4449,4450,0
1097,1097,3007,3008,1
1455,1455,4408,4409,0
119,119,444,445,1
850,850,2415,2416,1
191,191,609,610,1
1525,1525,4601,4602,0
396,396,1157,1158,1
1461,1461,4426,4427,0
189,189,605,606,1
1046,1046,2887,2888,1
1397,1397,4254,4255,0
1490,1490,4494,4495,0
1267,1267,3751,3752,1
507,507,1460,1461,1
1012,1012,2817,2818,1
389,389,1139,1140,1
945,945,2645,2646,1
1463,1463,4430,4431,0
1526,1526,4604,4605,0
745,745,2082,2083,1
1516,1516,4581,4582,0
1592,1592,4915,4916,0
1412,1412,4302,4303,0
1405,1405,4273,4274,0
1448,1448,4387,4388,0
846,846,2407,2408,1
1494,1494,4511,4512,0
1489,1489,4492,4493,0
1408,1408,4280,4281,0
1521,1521,4592,4593,0
1583,1583,4875,4876,0
583,583,1640,1641,1
1408,1408,4280,4281,0
18,18,133,134,1
1593,1593,4917,4918,0
445,445,1306,1307,1
1558,1558,4679,4680,0
1547,1547,4656,4657,0
1408,1408,4280,4281,0
1112,1112,3050,3051,1
1454,1454,4406,4407,0
1536,1536,4630,4631,0
197,197,621,622,1
1422,1422,4324,4325,0
861,861,2442,2443,1
1408,1408,4280,4281,0
1358,1358,4132,4133,1
1453,1453,4404,4405,0
1384,1384,4227,4228,0
1402,1402,4265,4266,0
1406,1406,4275,4276,0
1198,1198,3405,3406,1
1436,1436,4363,4364,0
614,614,1724,1725,1
1243,1243,3530,3531,1
992,992,2751,2752,1
906,906,2567,2568,1
899,899,2553,2554,1
71,71,312,313,1
1235,1235,3511,3512,1
1386,1386,4232,4233,0
1588,1588,4902,4903,0
1571,1571,4714,4715,0
1422,1422,4324,4325,0
1152,1152,3160,3161,1
1590,1590,4910,4911,0
540,540,1526,1527,1
1403,1403,4268,4269,0
1456,1456,4410,4411,0
1571,1571,4714,4715,0
36,36,175,176,1
1544,1544,4650,4651,0
1197,1197,3403,3404,1
1585,1585,4881,4882,0
1476,1476,4458,4459,0
1491,1491,4497,4498,0
1454,1454,4406,4407,0
766,766,2212,2213,1
481,481,1378,1379,1
1512,1512,4571,4572,0
1489,1489,4492,4493,0
1142,1142,3134,3135,1
1172,1172,3212,3213,1
319,319,977,978,1
1494,1494,4511,4512,0
933,933,2621,2622,1
1120,1120,3068,3069,1
1535,1535,4627,4628,0
186,186,599,600,1
1339,1339,4030,4031,1
1471,1471,4447,4448,0
480,480,1376,1377,1
884,884,2517,2518,1
1558,1558,4679,4680,0
1421,1421,4322,4323,0
1492,1492,4499,4500,0
1493,1493,4509,4510,0
1461,1461,4426,4427,0
963,963,2681,2682,1
1338,1338,4013,4014,1
655,655,1840,1841,1
1459,1459,4422,4423,0
454,454,1324,1325,1
1568,1568,4708,4709,0
501,501,1448,1449,1
1447,1447,4385,4386,0
1404,1404,4271,4272,0
1393,1393,4246,4247,0
1539,1539,4636,4637,0
105,105,402,403,1
377,377,1115,1116,1
1388,1388,4236,4237,0
1402,1402,4265,4266,0
947,947,2649,2650,1
1236,1236,3513,3514,1
553,553,1552,1553,1
1501,1501,4546,4547,0
1383,1383,4224,4225,0
520,520,1486,1487,1
1513,1513,4575,4576,0
1100,1100,3018,3019,1
302,302,917,918,1
916,916,2587,2588,1
1591,1591,4912,4913,0
1408,1408,4280,4281,0
807,807,2318,2319,1
1441,1441,4373,4374,0
1571,1571,4714,4715,0
738,738,2062,2063,1
75,75,320,321,1
1423,1423,4326,4327,0
382,382,1125,1126,1
175,175,577,578,1
244,244,752,753,1
643,643,1803,1804,1
1342,1342,4055,4056,1
1459,1459,4422,4423,0
1504,1504,4555,4556,0
1431,1431,4353,4354,0
95,95,372,373,1
1406,1406,4275,4276,0
1221,1221,3473,3474,1
1362,1362,4144,4145,1
1013,1013,2819,2820,1
904,904,2563,2564,1
1412,1412,4302,4303,0
1357,1357,4130,4131,1
1495,1495,4529,4530,0
1423,1423,4326,4327,0
1429,1429,4349,4350,0
1386,1386,4232,4233,0
238,238,734,735,1
955,955,2665,2666,1
350,350,1045,1046,1
997,997,2761,2762,1
1424,1424,4330,4331,0
1495,1495,4529,4530,0
1568,1568,4708,4709,0
157,157,538,539,1
1464,1464,4432,4433,0
525,525,1496,1497,1
742,742,2076,2077,1
1512,1512,4571,4572,0
473,473,1362,1363,1
1467,1467,4439,4440,0
708,708,1983,1984,1
1495,1495,4529,4530,0
1538,1538,4634,4635,0
1212,1212,3445,3446,1
1313,1313,3945,3946,1
1481,1481,4468,4469,0
886,886,2521,2522,1
1503,1503,4553,4554,0
806,806,2316,2317,1
641,641,1799,1800,1
880,880,2499,2500,1
1534,1534,4625,4626,0
1574,1574,4720,4721,0
897,897,2549,2550,1
1501,1501,4546,4547,0
1575,1575,4722,4723,0
1524,1524,4598,4599,0
1421,1421,4322,4323,0
1518,1518,4586,4587,0
1579,1579,4736,4737,0
456,456,1328,1329,1
208,208,648,649,1
1413,1413,4304,4305,0
1461,1461,4426,4427,0
74,74,318,319,1
1413,1413,4304,4305,0
1518,1518,4586,4587,0
1397,1397,4254,4255,0
1461,1461,4426,4427,0
959,959,2673,2674,1
1407,1407,4277,4278,0
1469,1469,4443,4444,0
1570,1570,4712,4713,0
1393,1393,4246,4247,0
1001,1001,2791,2792,1
1497,1497,4535,4536,0
1594,1594,4919,4920,0
1229,1229,3493,3494,1
1343,1343,4058,4059,1
1384,1384,4227,4228,0
1405,1405,4273,4274,0
1568,1568,4708,4709,0
688,688,1916,1917,1
1555,1555,4673,4674,0
1550,1550,4663,4664,0
1471,1471,4447,4448,0
35,35,173,174,1
259,259,800,801,1
1493,1493,4509,4510,0
494,494,1404,1405,1
1550,1550,4663,4664,0
1537,1537,4632,4633,0
534,534,1514,1515,1
1516,1516,4581,4582,0
1534,1534,4625,4626,0
1431,1431,4353,4354,0
1160,1160,3180,3181,1
801,801,2306,2307,1
1072,1072,2954,2955,1
1467,1467,4439,4440,0
326,326,991,992,1
1388,1388,4236,4237,0
891,891,2533,2534,1
1246,1246,3707,3708,1
1381,1381,4216,4217,1
248,248,761,762,1
1442,1442,4375,4376,0
931,931,2617,2618,1
1474,1474,4453,4454,0
889,889,2528,2529,1
642,642,1801,1802,1
1388,1388,4236,4237,0
1585,1585,4881,4882,0
1296,1296,3856,3857,1
879,879,2497,2498,1
573,573,1617,1618,1
1211,1211,3433,3434,1
88,88,353,354,1
855,855,2430,2431,1
1501,1501,4546,4547,0
1503,1503,4553,4554,0
1454,1454,4406,4407,0
1240,1240,3524,3525,1
1477,1477,4460,4461,0
1514,1514,4577,4578,0
1431,1431,4353,4354,0
1571,1571,4714,4715,0
1591,1591,4912,4913,0
1461,1461,4426,4427,0
737,737,2052,2053,1
958,958,2671,2672,1
87,87,351,352,1
1424,1424,4330,4331,0
794,794,2292,2293,1
657,657,1845,1846,1
1092,1092,2997,2998,1
1433,1433,4357,4358,0
1424,1424,4330,4331,0
1455,1455,4408,4409,0
267,267,821,822,1
86,86,349,350,1
1468,1468,4441,4442,0
532,532,1510,1511,1
1538,1538,4634,4635,0
691,691,1939,1940,1
639,639,1788,1789,1
379,379,1119,1120,1
829,829,2362,2363,1
857,857,2434,2435,1
423,423,1226,1227,1
784,784,2272,2273,1
148,148,520,521,1
228,228,707,708,1
1516,1516,4581,4582,0
327,327,993,994,1
1482,1482,4470,4471,0
1471,1471,4447,4448,0
1392,1392,4244,4245,0
1436,1436,4363,4364,0
1419,1419,4318,4319,0
425,425,1230,1231,1
1524,1524,4598,4599,0
1593,1593,4917,4918,0
1555,1555,4673,4674,0
1408,1408,4280,4281,0
1541,1541,4644,4645,0
1575,1575,4722,4723,0
320,320,979,980,1
793,793,2290,2291,1
1568,1568,4708,4709,0
1530,1530,4617,4618,0
1392,1392,4244,4245,0
1502,1502,4548,4549,0
1292,1292,3830,3831,1
1523,1523,4596,4597,0
1518,1518,4586,4587,0
1558,1558,4679,4680,0
1384,1384,4227,4228,0
901,901,2557,2558,1
1558,1558,4679,4680,0
960,960,2675,2676,1
702,702,1971,1972,1
1436,1436,4363,4364,0
168,168,563,564,1
1558,1558,4679,4680,0
1497,1497,4535,4536,0
54,54,221,222,1
1408,1408,4280,4281,0
1413,1413,4304,4305,0
1405,1405,4273,4274,0
104,104,400,401,1
1556,1556,4675,4676,0
967,967,2689,2690,1
582,582,1638,1639,1
1514,1514,4577,4578,0
339,339,1017,1018,1
1431,1431,4353,4354,0
1530,1530,4617,4618,0
453,453,1322,1323,1
438,438,1292,1293,1
1496,1496,4533,4534,0
593,593,1662,1663,1
1223,1223,3477,3478,1
756,756,2134,2135,1
1549,1549,4661,4662,0
1571,1571,4714,4715,0
328,328,995,996,1
266,266,819,820,1
1461,1461,4426,4427,0
1406,1406,4275,4276,0
1414,1414,4306,4307,0
1452,1452,4400,4401,0
1347,1347,4109,4110,1
1568,1568,4708,4709,0
1557,1557,4677,4678,0
1463,1463,4430,4431,0
432,432,1250,1251,1
1403,1403,4268,4269,0
1439,1439,4369,4370,0
1482,1482,4470,4471,0
1446,1446,4383,4384,0
1523,1523,4596,4597,0
1022,1022,2839,2840,1
1228,1228,3487,3488,1
1477,1477,4460,4461,0
1539,1539,4636,4637,0
380,380,1121,1122,1
674,674,1880,1881,1
633,633,1774,1775,1
1536,1536,4630,4631,0
1537,1537,4632,4633,0
1437,1437,4365,4366,0
1327,1327,3977,3978,1
603,603,1686,1687,1
1536,1536,4630,4631,0
477,477,1370,1371,1
791,791,2286,2287,1
1025,1025,2845,2846,1
452,452,1320,1321,1
395,395,1155,1156,1
285,285,861,862,1
27,27,156,157,1
458,458,1332,1333,1
665,665,1861,1862,1
616,616,1728,1729,1
1386,1386,4232,4233,0
1077,1077,2964,2965,1
433,433,1252,1253,1
135,135,493,494,1
946,946,2647,2648,1
1279,1279,3804,3805,1
171,171,569,570,1
371,371,1095,1096,1
1503,1503,4553,4554,0
358,358,1061,1062,1
1474,1474,4453,4454,0
1331,1331,3990,3991,1
1261,1261,3739,3740,1
384,384,1129,1130,1
851,851,2422,2423,1
447,447,1310,1311,1
974,974,2704,2705,1
1497,1497,4535,4536,0
1521,1521,4592,4593,0
231,231,716,717,1
272,272,835,836,1
1548,1548,4659,4660,0
1540,1540,4642,4643,0
1399,1399,4258,4259,0
1411,1411,4291,4292,0
1408,1408,4280,4281,0
652,652,1832,1833,1
940,940,2635,2636,1
560,560,1577,1578,1
281,281,853,854,1
1570,1570,4712,4713,0
1495,1495,4529,4530,0
1405,1405,4273,4274,0
325,325,989,990,1
1403,1403,4268,4269,0
1390,1390,4240,4241,0
493,493,1402,1403,1
1424,1424,4330,4331,0
1581,1581,4796,4797,0
1388,1388,4236,4237,0
1583,1583,4875,4876,0
44,44,194,195,1
1390,1390,4240,4241,0
275,275,841,842,1
1117,1117,3061,3062,1
934,934,2623,2624,1
672,672,1876,1877,1
1540,1540,4642,4643,0
1445,1445,4381,4382,0
352,352,1049,1050,1
1514,1514,4577,4578,0
1497,1497,4535,4536,0
598,598,1674,1675,1
1538,1538,4634,4635,0
1571,1571,4714,4715,0
1412,1412,4302,4303,0
1509,1509,4565,4566,0
378,378,1117,1118,1
485,485,1386,1387,1
1547,1547,4656,4657,0
180,180,587,588,1
1263,1263,3743,3744,1
1492,1492,4499,4500,0
760,760,2177,2178,1
1583,1583,4875,4876,0
504,504,1454,1455,1
271,271,830,831,1
1474,1474,4453,4454,0
282,282,855,856,1
1584,1584,4877,4878,0
1014,1014,2821,2822,1
390,390,1143,1144,1
1568,1568,4708,4709,0
1490,1490,4494,4495,0
1568,1568,4708,4709,0
1571,1571,4714,4715,0
1530,1530,4617,4618,0
1461,1461,4426,4427,0
710,710,1987,1988,1
156,156,536,537,1
217,217,670,671,1
195,195,617,618,1
705,705,1977,1978,1
845,845,2405,2406,1
1515,1515,4579,4580,0
1534,1534,4625,4626,0
353,353,1051,1052,1
1335,1335,4002,4003,1
342,342,1023,1024,1
1572,1572,4716,4717,0
970,970,2695,2696,1
1393,1393,4246,4247,0
1157,1157,3174,3175,1
337,337,1013,1014,1
1393,1393,4246,4247,0
21,21,142,143,1
1459,1459,4422,4423,0
99,99,381,382,1
1594,1594,4919,4920,0
1588,1588,4902,4903,0
1584,1584,4877,4878,0
1110,1110,3046,3047,1
1441,1441,4373,4374,0
428,428,1236,1237,1
894,894,2543,2544,1
1456,1456,4410,4411,0
1469,1469,4443,4444,0
1524,1524,4598,4599,0
969,969,2693,2694,1
854,854,2428,2429,1
1224,1224,3479,3480,1
154,154,532,533,1
1383,1383,4224,4225,0
1418,1418,4316,4317,0
1563,1563,4689,4690,0
270,270,827,828,1
833,833,2370,2371,1
1476,1476,4458,4459,0
1592,1592,4915,4916,0
1524,1524,4598,4599,0
1463,1463,4430,4431,0
1451,1451,4398,4399,0
273,273,837,838,1
1455,1455,4408,4409,0
160,160,544,545,1
686,686,1911,1912,1
1055,1055,2910,2911,1
1439,1439,4369,4370,0
713,713,1993,1994,1
1398,1398,4256,4257,0
1412,1412,4302,4303,0
1456,1456,4410,4411,0
692,692,1941,1942,1
991,991,2749,2750,1
782,782,2268,2269,1
143,143,510,511,1
1592,1592,4915,4916,0
1491,1491,4497,4498,0
1566,1566,4695,4696,0
719,719,2005,2006,1
1503,1503,4553,4554,0
1302,1302,3888,3889,1
1585,1585,4881,4882,0
1495,1495,4529,4530,0
1452,1452,4400,4401,0
123,123,467,468,1
1593,1593,4917,4918,0
1510,1510,4567,4568,0
1204,1204,3419,3420,1
1383,1383,4224,4225,0
1433,1433,4357,4358,0
984,984,2727,2728,1
1536,1536,4630,4631,0
1346,1346,4107,4108,1
925,925,2605,2606,1
234,234,723,724,1
67,67,298,299,1
571,571,1613,1614,1
1574,1574,4720,4721,0
1439,1439,4369,4370,0
138,138,499,500,1
1496,1496,4533,4534,0
1418,1418,4316,4317,0
346,346,1037,1038,1
1540,1540,4642,4643,0
865,865,2450,2451,1
1584,1584,4877,4878,0
1433,1433,4357,4358,0
1407,1407,4277,4278,0
1452,1452,4400,4401,0
1569,1569,4710,4711,0
1116,1116,3059,3060,1
1200,1200,3409,3410,1
1102,1102,3025,3026,1
33,33,169,170,1
576,576,1623,1624,1
1588,1588,4902,4903,0
1461,1461,4426,4427,0
409,409,1192,1193,1
1464,1464,4432,4433,0
1405,1405,4273,4274,0
1534,1534,4625,4626,0
518,518,1482,1483,1
1011,1011,2815,2816,1
434,434,1259,1260,1
1594,1594,4919,4920,0
451,451,1318,1319,1
332,332,1003,1004,1
52,52,217,218,1
521,521,1488,1489,1
1421,1421,4322,4323,0
150,150,524,525,1
755,755,2102,2103,1
873,873,2470,2471,1
765,765,2210,2211,1
247,247,759,760,1
1086,1086,2982,2983,1
1590,1590,4910,4911,0
1496,1496,4533,4534,0
681,681,1895,1896,1
1383,1383,4224,4225,0
1441,1441,4373,4374,0
1226,1226,3483,3484,1
360,360,1065,1066,1
1439,1439,4369,4370,0
1413,1413,4304,4305,0
359,359,1063,1064,1
682,682,1898,1899,1
1461,1461,4426,4427,0
1455,1455,4408,4409,0
215,215,666,667,1
183,183,593,594,1
1400,1400,4261,4262,0
621,621,1738,1739,1
1563,1563,4689,4690,0
640,640,1797,1798,1
1536,1536,4630,4631,0
1530,1530,4617,4618,0
1107,1107,3038,3039,1
1503,1503,4553,4554,0
678,678,1889,1890,1
103,103,397,398,1
204,204,635,636,1
523,523,1492,1493,1
1485,1485,4477,4478,0
1452,1452,4400,4401,0
482,482,1380,1381,1
1193,1193,3395,3396,1
1265,1265,3747,3748,1
1026,1026,2847,2848,1
512,512,1470,1471,1
469,469,1354,1355,1
1495,1495,4529,4530,0
987,987,2734,2735,1
1082,1082,2974,2975,1
1492,1492,4499,4500,0
1406,1406,4275,4276,0
1515,1515,4579,4580,0
996,996,2759,2760,1
1590,1590,4910,4911,0
1386,1386,4232,4233,0
896,896,2547,2548,1
1575,1575,4722,4723,0
565,565,1587,1588,1
1540,1540,4642,4643,0
600,600,1678,1679,1
10,10,108,109,1
500,500,1446,1447,1
1502,1502,4548,4549,0
1468,1468,4441,4442,0
541,541,1528,1529,1
1099,1099,3016,3017,1
1370,1370,4161,4162,1
949,949,2653,2654,1
1167,1167,3202,3203,1
1482,1482,4470,4471,0
746,746,2084,2085,1
47,47,203,204,1
1515,1515,4579,4580,0
1535,1535,4627,4628,0
1423,1423,4326,4327,0
1535,1535,4627,4628,0
39,39,182,183,1
735,735,2048,2049,1
1442,1442,4375,4376,0
1418,1418,4316,4317,0
1571,1571,4714,4715,0
1555,1555,4673,4674,0
1399,1399,4258,4259,0
459,459,1334,1335,1
921,921,2597,2598,1
68,68,300,301,1
1537,1537,4632,4633,0
776,776,2249,2250,1
597,597,1672,1673,1
126,126,474,475,1
1392,1392,4244,4245,0
1503,1503,4553,4554,0
290,290,871,872,1
1574,1574,4720,4721,0
147,147,518,519,1
961,961,2677,2678,1
1556,1556,4675,4676,0
841,841,2397,2398,1
1397,1397,4254,4255,0
1421,1421,4322,4323,0
1384,1384,4227,4228,0
1452,1452,4400,4401,0
1451,1451,4398,4399,0
1447,1447,4385,4386,0
1496,1496,4533,4534,0
1081,1081,2972,2973,1
1508,1508,4563,4564,0
1424,1424,4330,4331,0
1439,1439,4369,4370,0
383,383,1127,1128,1
1501,1501,4546,4547,0
543,543,1532,1533,1
1213,1213,3447,3448,1
537,537,1520,1521,1
1318,1318,3955,3956,1
1513,1513,4575,4576,0
622,622,1749,1750,1
1538,1538,4634,4635,0
1332,1332,3992,3993,1
1294,1294,3834,3835,1
1095,1095,3003,3004,1
413,413,1202,1203,1
1431,1431,4353,4354,0
1404,1404,4271,4272,0
972,972,2700,2701,1
62,62,288,289,1
1471,1471,4447,4448,0
375,375,1111,1112,1
962,962,2679,2680,1
1406,1406,4275,4276,0
950,950,2655,2656,1
684,684,1907,1908,1
1178,1178,3229,3230,1
1420,1420,4320,4321,0
1536,1536,4630,4631,0
559,559,1571,1572,1
1513,1513,4575,4576,0
1476,1476,4458,4459,0
1550,1550,4663,4664,0
1004,1004,2799,2800,1
1574,1574,4720,4721,0
590,590,1656,1657,1
1541,1541,4644,4645,0
211,211,655,656,1
1592,1592,4915,4916,0
444,444,1304,1305,1
1432,1432,4355,4356,0
1444,1444,4379,4380,0
1419,1419,4318,4319,0
1239,1239,3522,3523,1
1490,1490,4494,4495,0
617,617,1730,1731,1
1436,1436,4363,4364,0
893,893,2541,2542,1
455,455,1326,1327,1
800,800,2304,2305,1
1489,1489,4492,4493,0
1453,1453,4404,4405,0
968,968,2691,2692,1
1106,1106,3034,3035,1
5,5,21,22,1
662,662,1855,1856,1
1399,1399,4258,4259,0
1386,1386,4232,4233,0
779,779,2262,2263,1
1518,1518,4586,4587,0
1259,1259,3735,3736,1
1538,1538,4634,4635,0
555,555,1556,1557,1
675,675,1882,1883,1
788,788,2280,2281,1
309,309,933,934,1
1392,1392,4244,4245,0
1516,1516,4581,4582,0
1390,1390,4240,4241,0
1456,1456,4410,4411,0
1447,1447,4385,4386,0
1450,1450,4396,4397,0
1383,1383,4224,4225,0
1021,1021,2837,2838,1
1058,1058,2916,2917,1
441,441,1298,1299,1
1523,1523,4596,4597,0
1074,1074,2958,2959,1
66,66,296,297,1
1573,1573,4718,4719,0
1163,1163,3186,3187,1
1573,1573,4718,4719,0
1464,1464,4432,4433,0
1388,1388,4236,4237,0
1589,1589,4908,4909,0
1205,1205,3421,3422,1
1566,1566,4695,4696,0
1544,1544,4650,4651,0
1573,1573,4718,4719,0
422,422,1224,1225,1
822,822,2348,2349,1
1408,1408,4280,4281,0
589,589,1654,1655,1
1477,1477,4460,4461,0
1563,1563,4689,4690,0
1080,1080,2970,2971,1
990,990,2747,2748,1
1511,1511,4569,4570,0
1377,1377,4203,4204,1
1413,1413,4304,4305,0
836,836,2376,2377,1
871,871,2464,2465,1
1513,1513,4575,4576,0
976,976,2711,2712,1
373,373,1106,1107,1
683,683,1905,1906,1
1297,1297,3858,3859,1
167,167,561,562,1
956,956,2667,2668,1
1144,1144,3140,3141,1
739,739,2070,2071,1
547,547,1540,1541,1
1538,1538,4634,4635,0
1547,1547,4656,4657,0
579,579,1632,1633,1
1523,1523,4596,4597,0
1145,1145,3142,3143,1
1446,1446,4383,4384,0
1104,1104,3029,3030,1
721,721,2014,2015,1
1422,1422,4324,4325,0
1452,1452,4400,4401,0
116,116,438,439,1
1400,1400,4261,4262,0
1024,1024,2843,2844,1
825,825,2354,2355,1
703,703,1973,1974,1
1590,1590,4910,4911,0
1393,1393,4246,4247,0
1583,1583,4875,4876,0
917,917,2589,2590,1
155,155,534,535,1
107,107,407,408,1
1098,1098,3009,3010,1
65,65,294,295,1
826,826,2356,2357,1
767,767,2214,2215,1
697,697,1961,1962,1
1020,1020,2835,2836,1
1053,1053,2906,2907,1
1594,1594,4919,4920,0
716,716,1999,2000,1
367,367,1087,1088,1
237,237,732,733,1
1456,1456,4410,4411,0
1445,1445,4381,4382,0
883,883,2515,2516,1
1064,1064,2931,2932,1
796,796,2296,2297,1
892,892,2539,2540,1
1516,1516,4581,4582,0
1445,1445,4381,4382,0
751,751,2094,2095,1
93,93,365,366,1
417,417,1211,1212,1
1497,1497,4535,4536,0
1034,1034,2863,2864,1
1027,1027,2849,2850,1
1136,1136,3109,3110,1
177,177,581,582,1
1002,1002,2793,2794,1
1405,1405,4273,4274,0
51,51,215,216,1
1203,1203,3417,3418,1
1413,1413,4304,4305,0
1405,1405,4273,4274,0
70,70,310,311,1
1524,1524,4598,4599,0
1474,1474,4453,4454,0
928,928,2611,2612,1
823,823,2350,2351,1
1515,1515,4579,4580,0
586,586,1648,1649,1
1431,1431,4353,4354,0
849,849,2413,2414,1
1538,1538,4634,4635,0
1420,1420,4320,4321,0
1125,1125,3078,3079,1
1544,1544,4650,4651,0
1400,1400,4261,4262,0
1477,1477,4460,4461,0
1050,1050,2900,2901,1
1429,1429,4349,4350,0
1570,1570,4712,4713,0
954,954,2663,2664,1
1432,1432,4355,4356,0
1290,1290,3826,3827,1
158,158,540,541,1
1283,1283,3812,3813,1
1319,1319,3957,3958,1
519,519,1484,1485,1
162,162,548,549,1
265,265,817,818,1
792,792,2288,2289,1
1556,1556,4675,4676,0
1455,1455,4408,4409,0
406,406,1186,1187,1
1518,1518,4586,4587,0
763,763,2204,2205,1
102,102,389,390,1
1590,1590,4910,4911,0
329,329,997,998,1
1101,1101,3023,3024,1
1571,1571,4714,4715,0
1456,1456,4410,4411,0
1566,1566,4695,4696,0
1029,1029,2853,2854,1
1425,1425,4332,4333,0
804,804,2312,2313,1
676,676,1884,1885,1
1388,1388,4236,4237,0
1536,1536,4630,4631,0
1441,1441,4373,4374,0
1547,1547,4656,4657,0
1402,1402,4265,4266,0
1548,1548,4659,4660,0
848,848,2411,2412,1
341,341,1021,1022,1
744,744,2080,2081,1
1563,1563,4689,4690,0
632,632,1772,1773,1
1558,1558,4679,4680,0
1175,1175,3223,3224,1
607,607,1702,1703,1
1390,1390,4240,4241,0
1418,1418,4316,4317,0
1396,1396,4252,4253,0
1557,1557,4677,4678,0
392,392,1148,1149,1
1514,1514,4577,4578,0
1463,1463,4430,4431,0
927,927,2609,2610,1
1526,1526,4604,4605,0
1169,1169,3206,3207,1
1481,1481,4468,4469,0
1369,1369,4158,4159,1
1588,1588,4902,4903,0
1482,1482,4470,4471,0
1423,1423,4326,4327,0
757,757,2137,2138,1
1540,1540,4642,4643,0
407,407,1188,1189,1
1164,1164,3188,3189,1
1396,1396,4252,4253,0
1557,1557,4677,4678,0
1402,1402,4265,4266,0
173,173,573,574,1
530,530,1506,1507,1
1501,1501,4546,4547,0
1390,1390,4240,4241,0
1408,1408,4280,4281,0
474,474,1364,1365,1
1299,1299,3882,3883,1
1573,1573,4718,4719,0
1444,1444,4379,4380,0
1581,1581,4796,4797,0
1521,1521,4592,4593,0
654,654,1837,1838,1
1485,1485,4477,4478,0
1444,1444,4379,4380,0
1431,1431,4353,4354,0
1355,1355,4126,4127,1
1505,1505,4557,4558,0
1366,1366,4152,4153,1
1570,1570,4712,4713,0
1495,1495,4529,4530,0
1588,1588,4902,4903,0
1176,1176,3225,3226,1
1521,1521,4592,4593,0
1581,1581,4796,4797,0
1452,1452,4400,4401,0
1390,1390,4240,4241,0
1518,1518,4586,4587,0
416,416,1209,1210,1
1591,1591,4912,4913,0
1548,1548,4659,4660,0
1489,1489,4492,4493,0
311,311,937,938,1
1492,1492,4499,4500,0
1413,1413,4304,4305,0
577,577,1625,1626,1
1490,1490,4494,4495,0
1591,1591,4912,4913,0
1408,1408,4280,4281,0
1558,1558,4679,4680,0
1324,1324,3971,3972,1
1400,1400,4261,4262,0
953,953,2661,2662,1
1185,1185,3249,3250,1
363,363,1073,1074,1
1441,1441,4373,4374,0
1392,1392,4244,4245,0
1030,1030,2855,2856,1
1467,1467,4439,4440,0
538,538,1522,1523,1
1143,1143,3138,3139,1
568,568,1593,1594,1
1321,1321,3965,3966,1
193,193,613,614,1
701,701,1969,1970,1
1492,1492,4499,4500,0
1589,1589,4908,4909,0
1452,1452,4400,4401,0
1544,1544,4650,4651,0
1574,1574,4720,4721,0
1406,1406,4275,4276,0
110,110,414,415,1
1508,1508,4563,4564,0
1463,1463,4430,4431,0
1390,1390,4240,4241,0
98,98,379,380,1
1504,1504,4555,4556,0
1468,1468,4441,4442,0
206,206,644,645,1
1057,1057,2914,2915,1
1436,1436,4363,4364,0
539,539,1524,1525,1
1501,1501,4546,4547,0
295,295,893,894,1
1400,1400,4261,4262,0
1494,1494,4511,4512,0
1423,1423,4326,4327,0
1076,1076,2962,2963,1
1413,1413,4304,4305,0
1384,1384,4227,4228,0
1530,1530,4617,4618,0
78,78,328,329,1
752,752,2096,2097,1
50,50,213,214,1
446,446,1308,1309,1
165,165,557,558,1
1433,1433,4357,4358,0
1444,1444,4379,4380,0
1312,1312,3943,3944,1
1168,1168,3204,3205,1
1590,1590,4910,4911,0
723,723,2021,2022,1
462,462,1340,1341,1
1518,1518,4586,4587,0
1472,1472,4449,4450,0
1494,1494,4511,4512,0
1500,1500,4544,4545,0
1502,1502,4548,4549,0
1550,1550,4663,4664,0
1566,1566,4695,4696,0
1402,1402,4265,4266,0
1513,1513,4575,4576,0
1474,1474,4453,4454,0
1464,1464,4432,4433,0
986,986,2731,2732,1
988,988,2736,2737,1
1538,1538,4634,4635,0
1575,1575,4722,4723,0
1437,1437,4365,4366,0
308,308,931,932,1
1349,1349,4113,4114,1
1291,1291,3828,3829,1
1504,1504,4555,4556,0
1514,1514,4577,4578,0
1515,1515,4579,4580,0
1419,1419,4318,4319,0
199,199,625,626,1
715,715,1997,1998,1
842,842,2399,2400,1
91,91,361,362,1
1555,1555,4673,4674,0
1400,1400,4261,4262,0
1230,1230,3495,3496,1
707,707,1981,1982,1
824,824,2352,2353,1
124,124,470,471,1
391,391,1145,1146,1
1516,1516,4581,4582,0
488,488,1392,1393,1
1403,1403,4268,4269,0
1322,1322,3967,3968,1
1392,1392,4244,4245,0
1468,1468,4441,4442,0
1569,1569,4710,4711,0
203,203,633,634,1
1423,1423,4326,4327,0
1485,1485,4477,4478,0
749,749,2090,2091,1
1042,1042,2879,2880,1
1419,1419,4318,4319,0
1252,1252,3721,3722,1
1478,1478,4462,4463,0
1406,1406,4275,4276,0
1584,1584,4877,4878,0
1471,1471,4447,4448,0
257,257,787,788,1
1436,1436,4363,4364,0
993,993,2753,2754,1
1558,1558,4679,4680,0
575,575,1621,1622,1
1539,1539,4636,4637,0
24,24,150,151,1
1463,1463,4430,4431,0
1505,1505,4557,4558,0
677,677,1887,1888,1
1383,1383,4224,4225,0
1156,1156,3169,3170,1
1504,1504,4555,4556,0
1059,1059,2918,2919,1
38,38,180,181,1
1067,1067,2941,2942,1
1494,1494,4511,4512,0
679,679,1891,1892,1
1441,1441,4373,4374,0
1257,1257,3731,3732,1
535,535,1516,1517,1
635,635,1778,1779,1
1264,1264,3745,3746,1
1474,1474,4453,4454,0
245,245,754,755,1
900,900,2555,2556,1
844,844,2403,2404,1
939,939,2633,2634,1
1521,1521,4592,4593,0
588,588,1652,1653,1
1556,1556,4675,4676,0
464,464,1344,1345,1
414,414,1204,1205,1
1477,1477,4460,4461,0
1436,1436,4363,4364,0
108,108,410,411,1
1392,1392,4244,4245,0
1063,1063,2928,2929,1
1309,1309,3936,3937,1
1399,1399,4258,4259,0
1550,1550,4663,4664,0
1524,1524,4598,4599,0
226,226,703,704,1
816,816,2336,2337,1
1447,1447,4385,4386,0
1481,1481,4468,4469,0
1445,1445,4381,4382,0
1513,1513,4575,4576,0
1407,1407,4277,4278,0
1445,1445,4381,4382,0
908,908,2571,2572,1
1405,1405,4273,4274,0
1536,1536,4630,4631,0
230,230,711,712,1
1433,1433,4357,4358,0
1088,1088,2986,2987,1
1584,1584,4877,4878,0
1446,1446,4383,4384,0
995,995,2757,2758,1
1463,1463,4430,4431,0
198,198,623,624,1
1405,1405,4273,4274,0
1090,1090,2993,2994,1
111,111,416,417,1
1534,1534,4625,4626,0
1139,1139,3122,3123,1
1437,1437,4365,4366,0
1453,1453,4404,4405,0
1305,1305,3926,3927,1
821,821,2346,2347,1
608,608,1707,1708,1
1555,1555,4673,4674,0
89,89,355,356,1
1195,1195,3399,3400,1
837,837,2378,2379,1
1530,1530,4617,4618,0
222,222,692,693,1
1146,1146,3144,3145,1
1583,1583,4875,4876,0
1590,1590,4910,4911,0
1407,1407,4277,4278,0
1306,1306,3929,3930,1
1490,1490,4494,4495,0
1129,1129,3095,3096,1
1423,1423,4326,4327,0
1581,1581,4796,4797,0
819,819,2342,2343,1
499,499,1443,1444,1
435,435,1261,1262,1
1550,1550,4663,4664,0
1492,1492,4499,4500,0
113,113,432,433,1
56,56,276,277,1
376,376,1113,1114,1
750,750,2092,2093,1
