0.99999845,1.535519e-06
1.0732119e-05,0.9999893
0.9999989,1.0965686e-06
0.99999857,1.4189833e-06
0.9998958,0.00010415114
0.9999987,1.2946916e-06
0.9999993,7.65105e-07
0.9999989,1.0253888e-06
4.3017742e-05,0.99995697
0.9999931,6.925042e-06
0.99999857,1.3942262e-06
0.9999969,3.1428342e-06
0.99999547,4.546335e-06
0.99999785,2.193652e-06
0.99999833,1.6919082e-06
0.9999987,1.3203505e-06
0.9999906,9.442737e-06
0.9999925,7.4572777e-06
0.9999622,3.781814e-05
0.99997675,2.3228467e-05
0.999997,2.9857608e-06
0.99999285,7.17369e-06
0.99999785,2.1446785e-06
0.99999857,1.41151e-06
0.9999976,2.3867635e-06
0.99999857,1.3749508e-06
0.99999833,1.7104664e-06
0.99999905,9.161501e-07
0.9999969,3.054354e-06
0.9999919,8.084356e-06
0.9999658,3.4153647e-05
0.99999917,8.185349e-07
0.99999845,1.5633485e-06
0.9999988,1.1919608e-06
0.9999982,1.7469906e-06
0.999995,4.962474e-06
0.9999989,1.0662538e-06
0.9999964,3.6252072e-06
0.9999987,1.2671956e-06
0.99999833,1.619207e-06
0.9999682,3.1796244e-05
0.99988246,0.0001174965
0.99999917,8.345374e-07
0.99999523,4.733182e-06
0.00027366687,0.99972636
0.9999937,6.2746785e-06
0.99983346,0.00016644869
0.000111240544,0.9998888
0.999995,5.03491e-06
0.9999902,9.80118e-06
0.99999166,8.401694e-06
0.9999827,1.7229238e-05
0.9999988,1.1570908e-06
1.0446067e-05,0.9999895
0.99999845,1.5322248e-06
0.9999982,1.8224008e-06
0.9999988,1.2400224e-06
0.99999857,1.4892743e-06
0.99999857,1.4542886e-06
0.99999845,1.5306241e-06
0.9994715,0.00052856957
0.99999845,1.5025145e-06
0.99999857,1.466377e-06
0.99999845,1.5439183e-06
0.9999988,1.230356e-06
0.9999988,1.1458701e-06
0.9999987,1.2900846e-06
0.9999981,1.8487618e-06
0.9999988,1.1952561e-06
0.9999982,1.8152128e-06
0.99999535,4.6467144e-06
0.99999917,8.648073e-07
0.99999845,1.5044816e-06
0.9999958,4.129499e-06
3.3841736e-06,0.99999666
0.99999917,8.3691486e-07
9.335638e-06,0.9999907
0.999998,2.0248826e-06
0.99999845,1.5171493e-06
0.9999987,1.3565793e-06
0.99999547,4.4962535e-06
4.4069595e-05,0.9999559
9.973588e-06,0.99999
0.9999995,5.2881984e-07
0.9999889,1.1080965e-05
0.9999734,2.6537851e-05
1.4719051e-05,0.99998534
0.9999988,1.2170939e-06
0.999995,5.042059e-06
0.99999833,1.6946714e-06
0.9999994,6.1202456e-07
0.9999958,4.1679164e-06
0.99999523,4.8212173e-06
0.99999726,2.7493693e-06
0.9999932,6.745567e-06
0.99998105,1.8952205e-05
0.9999926,7.393716e-06
0.99999607,3.906415e-06
0.99999917,8.9277165e-07
0.9999956,4.4154954e-06
0.99999833,1.6894235e-06
0.9999987,1.2554341e-06
0.9999981,1.8774691e-06
0.9999987,1.3672075e-06
0.999995,4.9825003e-06
0.9999982,1.8463357e-06
0.9999988,1.175031e-06
0.9999988,1.2083137e-06
0.0004486309,0.99955136
0.99999595,4.0410937e-06
0.9999964,3.5576059e-06
0.99999523,4.7091116e-06
0.9999782,2.1849122e-05
0.99999833,1.6244906e-06
0.00014508565,0.9998549
0.99998605,1.3974456e-05
0.9999856,1.4472197e-05
0.99999356,6.449123e-06
0.9999962,3.7610646e-06
0.9999981,1.8717178e-06
0.99999285,7.192865e-06
0.9999987,1.2633813e-06
0.99999857,1.3818349e-06
0.99999726,2.6925147e-06
0.9999901,9.864193e-06
0.9999981,1.9457366e-06
0.99999213,7.852692e-06
0.99999523,4.7744284e-06
0.99992824,7.172752e-05
0.99999857,1.4733183e-06
0.99999714,2.8754946e-06
0.99995947,4.0484894e-05
0.99999845,1.552855e-06
0.9999939,6.0537195e-06
0.99999726,2.6891505e-06
0.9999963,3.6589538e-06
0.99999607,3.9017013e-06
1.26773675e-05,0.99998736
0.9999976,2.3726607e-06
0.9999975,2.4936774e-06
0.99999607,3.9115894e-06
0.9999987,1.3081853e-06
0.9999974,2.6179782e-06
0.99999774,2.2218799e-06
9.408803e-06,0.9999906
0.9999943,5.6962e-06
0.99998784,1.21826e-05
0.9999988,1.1909904e-06
0.9999943,5.7636585e-06
0.99999917,8.183491e-07
0.9999982,1.8186663e-06
0.99999654,3.417029e-06
0.99996805,3.1913045e-05
0.9999981,1.8880717e-06
0.99998295,1.6995647e-05
0.99998856,1.1475136e-05
0.9999987,1.3544632e-06
0.99997985,2.0090472e-05
0.999995,5.0433673e-06
0.9998217,0.00017826517
0.9999968,3.2602381e-06
0.99999785,2.0991788e-06
0.9999989,1.0791971e-06
3.3485896e-05,0.9999665
0.999998,2.0637883e-06
0.9999808,1.9199719e-05
0.99999845,1.5564073e-06
0.9999982,1.8443683e-06
0.9999989,1.1188854e-06
0.99998486,1.5190318e-05
0.00012862119,0.9998714
0.9999987,1.3015389e-06
0.9999883,1.1678615e-05
0.99998343,1.6612436e-05
0.99997807,2.190351e-05
0.999997,3.0117337e-06
0.9999982,1.8453974e-06
0.9999988,1.2198409e-06
0.9999957,4.341616e-06
0.99999475,5.304419e-06
0.9999993,7.5165445e-07
0.99999905,9.868613e-07
0.9999989,1.0409086e-06
0.9999993,7.0092244e-07
0.99997973,2.0270647e-05
2.3486631e-05,0.9999765
0.99999857,1.416024e-06
0.99999857,1.4018592e-06
0.999997,2.9250302e-06
0.9999926,7.3535134e-06
0.9999937,6.3140624e-06
0.9999981,1.8555763e-06
0.9999311,6.891011e-05
4.6814683e-05,0.99995315
0.9999963,3.7520442e-06
1.732206e-05,0.9999827
0.999998,2.0787688e-06
0.9999974,2.5962577e-06
0.9999969,3.146814e-06
0.99999523,4.7975327e-06
0.9999938,6.1486408e-06
0.99999785,2.1338653e-06
0.9999925,7.5641015e-06
0.99999857,1.4604957e-06
0.9998841,0.00011588928
0.9999982,1.7476738e-06
0.99999833,1.701416e-06
8.266588e-06,0.9999918
0.9999963,3.6526226e-06
0.99999857,1.4225521e-06
0.9999945,5.4951197e-06
0.9999987,1.3523993e-06
0.9999943,5.767661e-06
0.99999714,2.8403736e-06
0.99997866,2.1304259e-05
0.9999975,2.4704589e-06
0.99998677,1.3263592e-05
0.99998474,1.5249798e-05
0.99999785,2.159132e-06
0.99994075,5.922904e-05
0.9999809,1.9110576e-05
0.99999833,1.6588958e-06
0.9999988,1.1871507e-06
0.99999905,9.68832e-07
0.99999905,1.0029788e-06
0.99999833,1.6238941e-06
0.99999857,1.3760422e-06
0.99985707,0.00014289015
0.9999981,1.9143838e-06
0.9999832,1.6805929e-05
0.99999917,8.7629496e-07
0.9994487,0.00055126694
0.999998,1.9970976e-06
0.9999989,1.130799e-06
0.99999917,8.6369386e-07
0.999997,3.030224e-06
0.9999981,1.8825376e-06
0.99999833,1.6350238e-06
0.99999857,1.3739258e-06
0.99996006,3.989727e-05
0.9999982,1.7513244e-06
0.9999987,1.3634731e-06
0.9999751,2.4939556e-05
0.99999857,1.4530825e-06
0.9999976,2.3291184e-06
0.9999987,1.268204e-06
0.9999975,2.4969042e-06
0.999997,2.9951523e-06
0.9999951,4.8555285e-06
0.9806349,0.019365037
0.99999845,1.5970602e-06
0.9999981,1.9404e-06
0.9999987,1.2804345e-06
0.9999951,4.8940956e-06
0.9999982,1.83895e-06
0.99998605,1.3989468e-05
0.9999931,6.882975e-06
0.99999774,2.2269712e-06
0.99999225,7.789703e-06
0.9999987,1.3619759e-06
0.99999654,3.412616e-06
0.99997234,2.7629174e-05
0.9997801,0.000219872
0.9999924,7.637734e-06
0.9999505,4.9423492e-05
0.9999553,4.469109e-05
0.99999666,3.351817e-06
0.9999764,2.3604516e-05
0.9999976,2.3264367e-06
0.9999982,1.7709885e-06
0.99999714,2.9152056e-06
0.9999982,1.7924593e-06
0.99999774,2.2058591e-06
0.9998996,0.00010035766
0.9999958,4.180715e-06
0.99950457,0.00049536943
0.99999464,5.377602e-06
0.9999968,3.263542e-06
0.9999988,1.1396396e-06
0.99999547,4.471929e-06
0.99999714,2.8137206e-06
0.99999905,9.899758e-07
0.9999919,8.0720065e-06
0.9959512,0.0040488136
0.9999987,1.3430579e-06
0.9999987,1.3568058e-06
0.9999647,3.524637e-05
0.9999665,3.347089e-05
4.821856e-05,0.9999517
0.9999869,1.314916e-05
0.9999825,1.7543869e-05
0.9999981,1.8525474e-06
0.9999975,2.5140216e-06
0.99999833,1.6248903e-06
0.99999905,9.630103e-07
0.99999857,1.3840599e-06
0.9999988,1.2340623e-06
0.99999857,1.4427868e-06
0.99999917,8.474434e-07
0.0008401481,0.9991598
0.99999845,1.5923426e-06
0.99999917,8.3715986e-07
0.999962,3.8035905e-05
0.999998,2.0400557e-06
0.9999988,1.1856085e-06
0.9999529,4.7072626e-05
0.9999938,6.24974e-06
0.99999857,1.3954793e-06
0.99999774,2.3038504e-06
0.99999595,4.0619975e-06
0.9999908,9.201611e-06
0.9999951,4.9129744e-06
1.1560899e-05,0.99998844
0.9999924,7.604018e-06
0.99997914,2.0841879e-05
0.99999905,9.202473e-07
0.99999774,2.2266781e-06
0.9999919,8.091429e-06
0.99999845,1.583233e-06
0.99998975,1.0224826e-05
3.5158605e-06,0.99999654
0.99999666,3.3793942e-06
0.999997,3.0322851e-06
0.9999976,2.4240119e-06
0.99999905,1.0034141e-06
0.99999607,3.9850015e-06
0.99999774,2.2584368e-06
4.6590726e-06,0.99999535
0.9999974,2.6556118e-06
0.9999944,5.641872e-06
0.99999917,8.2687507e-07
0.99999905,9.288935e-07
0.9999988,1.1583395e-06
0.9999411,5.891134e-05
0.9999199,8.011199e-05
0.9999968,3.2401406e-06
0.9999987,1.3002784e-06
0.99999905,9.752088e-07
0.9999989,1.072436e-06
0.99999475,5.201753e-06
0.9999881,1.1895003e-05
0.9999918,8.166377e-06
0.99999785,2.1657768e-06
0.9999982,1.7603935e-06
0.9999964,3.5901144e-06
0.00016282845,0.99983716
0.9999987,1.2590117e-06
0.9999982,1.7693105e-06
0.9999987,1.3199465e-06
0.999984,1.5929205e-05
0.9992526,0.00074737315
0.9999765,2.3461022e-05
0.9999968,3.1776826e-06
0.99997544,2.4504421e-05
0.9999212,7.8782046e-05
0.9999989,1.0408303e-06
0.99999833,1.6214352e-06
0.9999988,1.1518138e-06
0.99906164,0.00093831535
0.99999285,7.188325e-06
0.999841,0.00015894811
0.9999927,7.2449166e-06
0.99998033,1.9705281e-05
0.9999924,7.5869307e-06
0.9999987,1.2579063e-06
0.99999857,1.440418e-06
0.9999987,1.2863694e-06
0.98891443,0.011085577
0.9999981,1.8857468e-06
